UID,Location,Gender,Age,SignupDate,LastActiveDate

1001,Mumbai,Male,28,2023-01-15,2023-08-10

1002,Delhi,Female,35,2022-09-20,2023-08-11

1003,Bangalore,Non-Binary,22,2023-03-10,2023-08-12

1004,Chennai,Male,30,2022-11-05,2023-08-10

1005,Kolkata,Female,45,2023-02-18,2023-08-13

1006,Hyderabad,Male,26,2023-06-08,2023-08-11

1007,Pune,Female,29,2023-04-03,2023-08-09

1008,Ahmedabad,Male,33,2023-01-22,2023-08-12

1009,Jaipur,Female,40,2022-12-10,2023-08-10

1010,Lucknow,Male,27,2023-05-11,2023-08-08

1011,Kochi,Female,24,2023-02-03,2023-08-14

1012,Bhopal,Male,31,2023-03-19,2023-08-09

1013,Indore,Female,38,2023-04-27,2023-08-15

1014,Coimbatore,Male,29,2023-06-30,2023-08-08

1015,Vadodara,Female,41,2023-07-12,2023-08-12

1016,Nagpur,Male,25,2023-01-08,2023-08-11

1017,Agra,Female,36,2022-10-25,2023-08-10

1018,Surat,Male,28,2023-03-15,2023-08-09

1019,Varanasi,Female,23,2023-07-01,2023-08-15

1020,Patna,Male,32,2023-06-12,2023-08-11

1021,Mangalore,Female,37,2023-02-19,2023-08-13

1022,Ludhiana,Male,29,2023-04-09,2023-08-12

1023,Gurgaon,Female,42,2023-03-02,2023-08-09

1024,Kanpur,Male,26,2023-07-20,2023-08-08

1025,Bhubaneswar,Female,39,2023-01-29,2023-08-14

1026,Noida,Male,30,2022-09-10,2023-08-10

1027,Jaipur,Female,31,2023-02-22,2023-08-15

1028,Pune,Male,27,2023-05-17,2023-08-13

1029,Chandigarh,Female,34,2023-06-28,2023-08-11

1030,Ahmedabad,Male,22,2023-07-03,2023-08-12

1031,Indore,Female,25,2023-03-05,2023-08-08

1032,Bhopal,Male,33,2022-12-08,2023-08-14

1033,Kolkata,Female,26,2023-01-18,2023-08-10

1034,Mumbai,Male,39,2023-06-21,2023-08-09

1035,Delhi,Female,29,2023-07-07,2023-08-13

1036,Bangalore,Male,24,2023-03-09,2023-08-15

1037,Chennai,Female,28,2022-10-31,2023-08-11

1038,Hyderabad,Male,35,2023-04-15,2023-08-14

1039,Pune,Female,31,2023-01-23,2023-08-10

1040,Delhi,Male,26,2023-06-17,2023-08-09

1041,Mumbai,Female,27,2023-03-12,2023-08-15

1042,Bangalore,Male,36,2022-09-05,2023-08-12

1043,Chennai,Female,23,2023-04-20,2023-08-10

1044,Kolkata,Male,40,2023-07-09,2023-08-08

1045,Hyderabad,Female,25,2023-01-28,2023-08-11

1046,Pune,Male,31,2023-03-16,2023-08-09

1047,Mumbai,Female,26,2023-06-05,2023-08-12

1048,Delhi,Male,37,2022-11-12,2023-08-10

1049,Bangalore,Female,29,2023-02-28,2023-08-15

1050,Chennai,Male,24,2023-05-22,2023-08-14

1051,Kolkata,Female,33,2023-06-18,2023-08-09

1052,Hyderabad,Male,28,2023-01-02,2023-08-13

1053,Pune,Female,27,2023-04-14,2023-08-11

1054,Mumbai,Male,30,2023-07-26,2023-08-10

1055,Delhi,Female,29,2023-03-01,2023-08-15

1056,Bangalore,Male,32,2023-06-09,2023-08-09

1057,Chennai,Female,35,2022-12-17,2023-08-14

1058,Kolkata,Male,23,2023-01-28,2023-08-11

1059,Hyderabad,Female,40,2023-04-30,2023-08-12

1060,Pune,Male,26,2023-07-08,2023-08-09

1061,Mumbai,Female,29,2023-03-11,2023-08-15

1062,Delhi,Male,30,2023-06-19,2023-08-14

1063,Bangalore,Female,34,2023-02-02,2023-08-10

1064,Chennai,Male,28,2022-09-22,2023-08-11

1065,Kolkata,Female,25,2023-04-16,2023-08-13

1066,Hyderabad,Male,31,2023-01-05,2023-08-12

1067,Pune,Female,27,2023-06-23,2023-08-10

1068,Mumbai,Male,36,2023-07-17,2023-08-09

1069,Delhi,Female,22,2023-03-09,2023-08-15

1070,Bangalore,Male,33,2022-10-12,2023-08-12

1071,Chennai,Female,28,2023-02-28,2023-08-13

1072,Kolkata,Male,25,2023-06-07,2023-08-09

1073,Hyderabad,Female,30,2023-01-22,2023-08-10

1074,Pune,Male,29,2023-04-19,2023-08-11

1075,Mumbai,Female,36,2023-03-18,2023-08-15

1076,Delhi,Male,23,2023-07-14,2023-08-10

1077,Bangalore,Female,28,2023-06-05,2023-08-09

1078,Chennai,Male,32,2022-11-30,2023-08-14

1079,Kolkata,Female,27,2023-02-11,2023-08-13

1080,Hyderabad,Male,24,2023-07-09,2023-08-15

1081,Pune,Female,35,2023-04-03,2023-08-12

1082,Mumbai,Male,29,2023-01-29,2023-08-11

1083,Delhi,Female,30,2023-06-10,2023-08-13

1084,Bangalore,Male,38,2023-03-05,2023-08-14

1085,Chennai,Female,26,2023-01-18,2023-08-09

1086,Kolkata,Male,31,2023-04-22,2023-08-10

1087,Hyderabad,Female,24,2023-06-03,2023-08-08

1088,Pune,Male,29,2022-12-20,2023-08-09

1089,Mumbai,Female,33,2023-02-15,2023-08-14

1090,Delhi,Male,25,2023-07-28,2023-08-11

1091,Bangalore,Female,26,2023-06-01,2023-08-12

1092,Chennai,Male,34,2023-03-14,2023-08-09

1093,Kolkata,Female,29,2022-09-08,2023-08-15

1094,Hyderabad,Male,27,2023-07-06,2023-08-10

1095,Pune,Female,28,2023-03-21,2023-08-11

1096,Mumbai,Male,33,2023-01-16,2023-08-13

1097,Delhi,Female,30,2023-04-25,2023-08-14

1098,Bangalore,Male,26,2023-06-09,2023-08-10

1099,Chennai,Female,31,2023-02-10,2023-08-12

1100,Kolkata,Male,28,2023-07-11,2023-08-15

